Postcode,Total_daily_wateruse(BG/d),Total Wateruse 2015,Population 2015,% Growth Population (2015-2020),Population 2020,% Growth Water demand,Water Demand 2020,% Growth Population (2020-2030),Population 2030,% Growth Water demand,Water Demand 2030,% Growth Population (2030-2040),Population 2040,% Growth Water demand,Water Demand 2040,% Growth Population (2040-2050),Population 2050,% Growth Water demand,Water Demand 2050,% Growth Population (2050-2060),Population 2060,% Growth Water demand,Water Demand 2060,% Growth Population (2060-2070),Population 2070,% Growth Water demand,Water Demand 2070,% Growth Population (2070-2080),Population 2080,% Growth Water demand,Water Demand 2080,% Growth Population (2080-2090),Population 2090,% Growth Water demand,Water Demand 2090
10301,0.056543843,20.6385027,38280,3.15%,39486,3.15%,21.28861553,4.90%,41421,4.90%,22.33175769,4.90%,43450,4.90%,23.42601382,4.90%,45579,4.90%,24.57388849,4.90%,47813,4.90%,25.77800903,4.90%,50156,4.90%,27.04113147,4.90%,52613,4.90%,28.36614692,4.90%,55191,4.90%,29.75608811
10302,0.005489708,2.00374342,18037,3.15%,18605,3.15%,2.066861338,4.90%,19517,4.90%,2.168137543,4.90%,20473,4.90%,2.274376283,4.90%,21476,4.90%,2.385820721,4.90%,22529,4.90%,2.502725936,4.90%,23633,4.90%,2.625359507,4.90%,24791,4.90%,2.754002123,4.90%,26005,4.90%,2.888948227
10303,0.009791269,3.573813185,27401,3.15%,28264,3.15%,3.6863883,4.90%,29649,4.90%,3.867021327,4.90%,31102,4.90%,4.056505372,4.90%,32626,4.90%,4.255274135,4.90%,34225,4.90%,4.463782568,4.90%,35902,4.90%,4.682507914,4.90%,37661,4.90%,4.911950802,4.90%,39506,4.90%,5.152636391
10304,0.076848307,28.04963206,41112,3.15%,42407,3.15%,28.93319546,4.90%,44485,4.90%,30.35092204,4.90%,46665,4.90%,31.83811722,4.90%,48951,4.90%,33.39818497,4.90%,51350,4.90%,35.03469603,4.90%,53866,4.90%,36.75139614,4.90%,56506,4.90%,38.55221455,4.90%,59274,4.90%,40.44127306
10305,0.032792224,11.96916176,42726,3.15%,44072,3.15%,12.34619036,4.90%,46231,4.90%,12.95115368,4.90%,48497,4.90%,13.58576021,4.90%,50873,4.90%,14.25146246,4.90%,53366,4.90%,14.94978412,4.90%,55981,4.90%,15.68232355,4.90%,58724,4.90%,16.4507574,4.90%,61601,4.90%,17.25684451
10306,0.028062955,10.24297858,53877,3.15%,55574,3.15%,10.5656324,4.90%,58297,4.90%,11.08334839,4.90%,61154,4.90%,11.62643246,4.90%,64150,4.90%,12.19612765,4.90%,67294,4.90%,12.7937379,4.90%,70591,4.90%,13.42063106,4.90%,74050,4.90%,14.07824198,4.90%,77679,4.90%,14.76807584
10308,0.003410069,1.244675185,29512,3.15%,30442,3.15%,1.283882453,4.90%,31933,4.90%,1.346792694,4.90%,33498,4.90%,1.412785536,4.90%,35139,4.90%,1.482012027,4.90%,36861,4.90%,1.554630616,4.90%,38667,4.90%,1.630807516,4.90%,40562,4.90%,1.710717085,4.90%,42550,4.90%,1.794542222
10310,0.008035766,2.93305459,23800,3.15%,24550,3.15%,3.02544581,4.90%,25753,4.90%,3.173692654,4.90%,27015,4.90%,3.329203594,4.90%,28338,4.90%,3.49233457,4.90%,29727,4.90%,3.663458964,4.90%,31183,4.90%,3.842968454,4.90%,32711,4.90%,4.031273908,4.90%,34314,4.90%,4.228806329
10312,0.003306374,1.20682651,61392,3.15%,63326,3.15%,1.244841545,4.90%,66429,4.90%,1.305838781,4.90%,69684,4.90%,1.369824881,4.90%,73098,4.90%,1.4369463,4.90%,76680,4.90%,1.507356669,4.90%,80437,4.90%,1.581217146,4.90%,84379,4.90%,1.658696786,4.90%,88513,4.90%,1.739972928
10314,0.122036564,44.54334586,89792,3.15%,92620,3.15%,45.94646125,4.90%,97159,4.90%,48.19783786,4.90%,101920,4.90%,50.55953191,4.90%,106914,4.90%,53.03694897,4.90%,112152,4.90%,55.63575947,4.90%,117648,4.90%,58.36191169,4.90%,123413,4.90%,61.22164536,4.90%,129460,4.90%,64.22150598
10315,0,0,0,3.15%,0,3.15%,0,4.90%,0,4.90%,0,4.90%,0,4.90%,0,4.90%,0,4.90%,0,4.90%,0,4.90%,0,4.90%,0,4.90%,0,4.90%,0,4.90%,0,4.90%,0,4.90%,0
10307,0.002009902,0.73361423,14906,3.15%,15376,3.15%,0.756723078,4.90%,16129,4.90%,0.793802509,4.90%,16919,4.90%,0.832698832,4.90%,17748,4.90%,0.873501075,4.90%,18618,4.90%,0.916302627,4.90%,19530,4.90%,0.961201456,4.90%,20487,4.90%,1.008300328,4.90%,21491,4.90%,1.057707044
10309,0.006305257,2.301418805,34058,3.15%,35131,3.15%,2.373913497,4.90%,36852,4.90%,2.490235259,4.90%,38658,4.90%,2.612256786,4.90%,40552,4.90%,2.740257369,4.90%,42539,4.90%,2.87452998,4.90%,44624,4.90%,3.015381949,4.90%,46810,4.90%,3.163135665,4.90%,49104,4.90%,3.318129312
10311,0.013647761,4.981432765,0,3.15%,0,3.15%,5.138347897,4.90%,0,4.90%,5.390126944,4.90%,0,4.90%,5.654243164,4.90%,0,4.90%,5.931301079,4.90%,0,4.90%,6.221934832,4.90%,0,4.90%,6.526809639,4.90%,0,4.90%,6.846623311,4.90%,0,4.90%,7.182107854
11004,0.006539154,2.38679121,15098,3.15%,15574,3.15%,2.461975133,4.90%,16337,4.90%,2.582611915,4.90%,17137,4.90%,2.709159898,4.90%,17977,4.90%,2.841908733,4.90%,18858,4.90%,2.981162261,4.90%,19782,4.90%,3.127239212,4.90%,20751,4.90%,3.280473934,4.90%,21768,4.90%,3.441217156
11005,0.008363759,3.052772035,1759,3.15%,1814,3.15%,3.148934354,4.90%,1903,4.90%,3.303232137,4.90%,1997,4.90%,3.465090512,4.90%,2094,4.90%,3.634879947,4.90%,2197,4.90%,3.812989065,4.90%,2305,4.90%,3.999825529,4.90%,2418,4.90%,4.19581698,4.90%,2536,4.90%,4.401412012
11030,0.00026446,0.0965279,18578,3.15%,19163,3.15%,0.099568529,4.90%,20102,4.90%,0.104447387,4.90%,21087,4.90%,0.109565309,4.90%,22120,4.90%,0.114934009,4.90%,23204,4.90%,0.120565775,4.90%,24341,4.90%,0.126473498,4.90%,25534,4.90%,0.1326707,4.90%,26785,4.90%,0.139171564
11040,0.001055395,0.385219175,41592,3.15%,42902,3.15%,0.397353579,4.90%,45004,4.90%,0.416823904,4.90%,47210,4.90%,0.437248276,4.90%,49523,4.90%,0.458673441,4.90%,51949,4.90%,0.48114844,4.90%,54495,4.90%,0.504724713,4.90%,57165,4.90%,0.529456224,4.90%,59966,4.90%,0.555399579
11101,0.05679166,20.7289559,31366,3.15%,32354,3.15%,21.38191801,4.90%,33939,4.90%,22.42963199,4.90%,35602,4.90%,23.52868396,4.90%,37347,4.90%,24.68158948,4.90%,39177,4.90%,25.89098736,4.90%,41097,4.90%,27.15964574,4.90%,43110,4.90%,28.49046838,4.90%,45223,4.90%,29.88650133
11102,0.013921102,5.08120223,29747,3.15%,30684,3.15%,5.2412601,4.90%,32188,4.90%,5.498081845,4.90%,33765,4.90%,5.767487856,4.90%,35419,4.90%,6.05009476,4.90%,37155,4.90%,6.346549404,4.90%,38975,4.90%,6.657530325,4.90%,40885,4.90%,6.98374931,4.90%,42888,4.90%,7.325953027
11103,0.004349102,1.58742223,35995,3.15%,37129,3.15%,1.63742603,4.90%,38948,4.90%,1.717659906,4.90%,40857,4.90%,1.801825241,4.90%,42859,4.90%,1.890114678,4.90%,44959,4.90%,1.982730297,4.90%,47162,4.90%,2.079884082,4.90%,49473,4.90%,2.181798402,4.90%,51897,4.90%,2.288706523
11104,0.017265265,6.301821725,25114,3.15%,25905,3.15%,6.500329109,4.90%,27174,4.90%,6.818845236,4.90%,28506,4.90%,7.152968652,4.90%,29903,4.90%,7.503464116,4.90%,31368,4.90%,7.871133858,4.90%,32905,4.90%,8.256819417,4.90%,34517,4.90%,8.661403568,4.90%,36209,4.90%,9.085812343
11105,0.006363233,2.322580045,36983,3.15%,38148,3.15%,2.395741316,4.90%,40017,4.90%,2.513132641,4.90%,41978,4.90%,2.63627614,4.90%,44035,4.90%,2.765453671,4.90%,46193,4.90%,2.900960901,4.90%,48456,4.90%,3.043107985,4.90%,50830,4.90%,3.192220277,4.90%,53321,4.90%,3.34863907
11106,0.014513224,5.29732676,37690,3.15%,38877,3.15%,5.464192553,4.90%,40782,4.90%,5.731937988,4.90%,42781,4.90%,6.012802949,4.90%,44877,4.90%,6.307430294,4.90%,47076,4.90%,6.616494378,4.90%,49382,4.90%,6.940702603,4.90%,51802,4.90%,7.28079703,4.90%,54341,4.90%,7.637556085
11109,0.00138568,0.5057732,5980,3.15%,6168,3.15%,0.521705056,4.90%,6471,4.90%,0.547268604,4.90%,6788,4.90%,0.574084765,4.90%,7120,4.90%,0.602214919,4.90%,7469,4.90%,0.63172345,4.90%,7835,4.90%,0.662677899,4.90%,8219,4.90%,0.695149116,4.90%,8622,4.90%,0.729211422
11135,0.000156886,0.05726339,0,3.15%,0,3.15%,0.059067187,4.90%,0,4.90%,0.061961479,4.90%,0,4.90%,0.064997591,4.90%,0,4.90%,0.068182473,4.90%,0,4.90%,0.071523415,4.90%,0,4.90%,0.075028062,4.90%,0,4.90%,0.078704437,4.90%,0,4.90%,0.082560954
11335,0.001125545,0.410823925,0,3.15%,0,3.15%,0.423764879,4.90%,0,4.90%,0.444529358,4.90%,0,4.90%,0.466311296,4.90%,0,4.90%,0.48916055,4.90%,0,4.90%,0.513129417,4.90%,0,4.90%,0.538272758,4.90%,0,4.90%,0.564648123,4.90%,0,4.90%,0.592315881
11353,0.000120339,0.043923735,0,3.15%,0,3.15%,0.045307333,4.90%,0,4.90%,0.047527392,4.90%,0,4.90%,0.049856234,4.90%,0,4.90%,0.05229919,4.90%,0,4.90%,0.05486185,4.90%,0,4.90%,0.057550081,4.90%,0,4.90%,0.060370035,4.90%,0,4.90%,0.063328166
11354,0.049785871,18.17184292,53684,3.15%,55375,3.15%,18.74425597,4.90%,58088,4.90%,19.66272451,4.90%,60935,4.90%,20.62619801,4.90%,63921,4.90%,21.63688171,4.90%,67053,4.90%,22.69708892,4.90%,70338,4.90%,23.80924627,4.90%,73785,4.90%,24.97589934,4.90%,77400,4.90%,26.19971841
11355,0.065292842,23.83188733,80987,3.15%,83538,3.15%,24.58259178,4.90%,87631,4.90%,25.78713878,4.90%,91925,4.90%,27.05070858,4.90%,96430,4.90%,28.3761933,4.90%,101155,4.90%,29.76662677,4.90%,106111,4.90%,31.22519148,4.90%,111311,4.90%,32.75522586,4.90%,116765,4.90%,34.36023193
11356,0.00794541,2.90007465,23494,3.15%,24234,3.15%,2.991427001,4.90%,25422,4.90%,3.138006925,4.90%,26667,4.90%,3.291769264,4.90%,27974,4.90%,3.453065958,4.90%,29345,4.90%,3.62226619,4.90%,30782,4.90%,3.799757233,4.90%,32291,4.90%,3.985945337,4.90%,33873,4.90%,4.181256659
11357,0.008551085,3.121146025,39407,3.15%,40648,3.15%,3.219462125,4.90%,42640,4.90%,3.377215769,4.90%,44729,4.90%,3.542699342,4.90%,46921,4.90%,3.716291609,4.90%,49220,4.90%,3.898389898,4.90%,51632,4.90%,4.089411003,4.90%,54162,4.90%,4.289792142,4.90%,56816,4.90%,4.499991957
11358,0.00383593,1.40011445,36515,3.15%,37665,3.15%,1.444218055,4.90%,39511,4.90%,1.51498474,4.90%,41447,4.90%,1.589218992,4.90%,43478,4.90%,1.667090723,4.90%,45608,4.90%,1.748778168,4.90%,47843,4.90%,1.834468298,4.90%,50187,4.90%,1.924357245,4.90%,52646,4.90%,2.01865075
11360,0.007799895,2.846961675,18954,3.15%,19551,3.15%,2.936640968,4.90%,20509,4.90%,3.080536375,4.90%,21514,4.90%,3.231482658,4.90%,22568,4.90%,3.389825308,4.90%,23674,4.90%,3.555926748,4.90%,24834,4.90%,3.730167159,4.90%,26051,4.90%,3.912945349,4.90%,27327,4.90%,4.104679671
11361,0.004089697,1.492739405,27201,3.15%,28058,3.15%,1.539760696,4.90%,29433,4.90%,1.61520897,4.90%,30875,4.90%,1.69435421,4.90%,32388,4.90%,1.777377566,4.90%,33975,4.90%,1.864469067,4.90%,35639,4.90%,1.955828051,4.90%,37386,4.90%,2.051663626,4.90%,39218,4.90%,2.152195143
11362,0.006673736,2.43591364,18343,3.15%,18921,3.15%,2.51264492,4.90%,19848,4.90%,2.635764521,4.90%,20820,4.90%,2.764916982,4.90%,21841,4.90%,2.900397914,4.90%,22911,4.90%,3.042517412,4.90%,24034,4.90%,3.191600765,4.90%,25211,4.90%,3.347989203,4.90%,26446,4.90%,3.512040674
11363,0.000831927,0.303653355,7096,3.15%,7320,3.15%,0.313218436,4.90%,7678,4.90%,0.328566139,4.90%,8054,4.90%,0.34466588,4.90%,8449,4.90%,0.361554508,4.90%,8863,4.90%,0.379270679,4.90%,9297,4.90%,0.397854942,4.90%,9753,4.90%,0.417349834,4.90%,10231,4.90%,0.437799976
11364,0.015689323,5.726602895,36215,3.15%,37356,3.15%,5.906990886,4.90%,39186,4.90%,6.19643344,4.90%,41106,4.90%,6.500058678,4.90%,43121,4.90%,6.818561553,4.90%,45233,4.90%,7.15267107,4.90%,47450,4.90%,7.503151952,4.90%,49775,4.90%,7.870806398,4.90%,52214,4.90%,8.256475911
11365,0.018271571,6.669123415,44738,3.15%,46147,3.15%,6.879200803,4.90%,48408,4.90%,7.216281642,4.90%,50780,4.90%,7.569879442,4.90%,53269,4.90%,7.940803535,4.90%,55879,4.90%,8.329902908,4.90%,58617,4.90%,8.738068151,4.90%,61489,4.90%,9.16623349,4.90%,64502,4.90%,9.615378931
11366,0.000999167,0.364695955,14360,3.15%,14812,3.15%,0.376183878,4.90%,15538,4.90%,0.394616888,4.90%,16300,4.90%,0.413953115,4.90%,17098,4.90%,0.434236818,4.90%,17936,4.90%,0.455514422,4.90%,18815,4.90%,0.477834628,4.90%,19737,4.90%,0.501248525,4.90%,20704,4.90%,0.525809703
11367,0.009990508,3.64653542,41207,3.15%,42505,3.15%,3.761401286,4.90%,44588,4.90%,3.945709949,4.90%,46773,4.90%,4.139049736,4.90%,49064,4.90%,4.341863173,4.90%,51469,4.90%,4.554614469,4.90%,53991,4.90%,4.777790578,4.90%,56636,4.90%,5.011902316,4.90%,59411,4.90%,5.25748553
11368,0.029383522,10.72498553,112088,3.15%,115619,3.15%,11.06282257,4.90%,121284,4.90%,11.60490088,4.90%,127227,4.90%,12.17354102,4.90%,133461,4.90%,12.77004453,4.90%,140001,4.90%,13.39577672,4.90%,146861,4.90%,14.05216977,4.90%,154057,4.90%,14.74072609,4.90%,161606,4.90%,15.46302167
11369,0.044360611,16.19162302,31481,3.15%,32473,3.15%,16.70165914,4.90%,34064,4.90%,17.52004044,4.90%,35733,4.90%,18.37852242,4.90%,37484,4.90%,19.27907002,4.90%,39321,4.90%,20.22374445,4.90%,41247,4.90%,21.21470793,4.90%,43268,4.90%,22.25422862,4.90%,45389,4.90%,23.34468582
11370,0.001938722,0.70763353,31580,3.15%,32575,3.15%,0.729923986,4.90%,34171,4.90%,0.765690262,4.90%,35845,4.90%,0.803209084,4.90%,37602,4.90%,0.842566329,4.90%,39444,4.90%,0.88385208,4.90%,41377,4.90%,0.927160832,4.90%,43404,4.90%,0.972591712,4.90%,45531,4.90%,1.020248706
11372,0.041110693,15.00540295,62854,3.15%,64834,3.15%,15.47807314,4.90%,68011,4.90%,16.23649872,4.90%,71343,4.90%,17.03208716,4.90%,74839,4.90%,17.86665943,4.90%,78506,4.90%,18.74212574,4.90%,82353,4.90%,19.6604899,4.90%,86388,4.90%,20.62385391,4.90%,90621,4.90%,21.63442275
11373,0.413429374,150.9017215,94437,3.15%,97412,3.15%,155.6551257,4.90%,102185,4.90%,163.2822269,4.90%,107192,4.90%,171.283056,4.90%,112444,4.90%,179.6759258,4.90%,117954,4.90%,188.4800461,4.90%,123734,4.90%,197.7155684,4.90%,129797,4.90%,207.4036312,4.90%,136157,4.90%,217.5664092
11374,0.035162401,12.83427637,43507,3.15%,44877,3.15%,13.23855607,4.90%,47076,4.90%,13.88724532,4.90%,49383,4.90%,14.56772034,4.90%,51803,4.90%,15.28153864,4.90%,54341,4.90%,16.03033403,4.90%,57004,4.90%,16.8158204,4.90%,59797,4.90%,17.6397956,4.90%,62727,4.90%,18.50414558
11375,0.052725136,19.24467464,73034,3.15%,75335,3.15%,19.85088189,4.90%,79026,4.90%,20.8235751,4.90%,82898,4.90%,21.84393028,4.90%,86960,4.90%,22.91428287,4.90%,91221,4.90%,24.03708273,4.90%,95691,4.90%,25.21489978,4.90%,100380,4.90%,26.45042987,4.90%,105299,4.90%,27.74650094
11377,0.021469715,7.836445975,83825,3.15%,86465,3.15%,8.083294023,4.90%,90702,4.90%,8.47937543,4.90%,95147,4.90%,8.894864826,4.90%,99809,4.90%,9.330713203,4.90%,104700,4.90%,9.78791815,4.90%,109830,4.90%,10.26752614,4.90%,115211,4.90%,10.77063492,4.90%,120857,4.90%,11.29839603
11378,0.004965332,1.81234618,38524,3.15%,39738,3.15%,1.869435085,4.90%,41685,4.90%,1.961037404,4.90%,43727,4.90%,2.057128237,4.90%,45870,4.90%,2.15792752,4.90%,48117,4.90%,2.263665969,4.90%,50475,4.90%,2.374585601,4.90%,52948,4.90%,2.490940296,4.90%,55543,4.90%,2.61299637
11379,0.001384447,0.505323155,37991,3.15%,39188,3.15%,0.521240834,4.90%,41108,4.90%,0.546781635,4.90%,43122,4.90%,0.573573935,4.90%,45235,4.90%,0.601679058,4.90%,47452,4.90%,0.631161332,4.90%,49777,4.90%,0.662088237,4.90%,52216,4.90%,0.694530561,4.90%,54774,4.90%,0.728562558
11385,0.006223659,2.271635535,107796,3.15%,111192,3.15%,2.343192054,4.90%,116640,4.90%,2.458008465,4.90%,122355,4.90%,2.57845088,4.90%,128351,4.90%,2.704794973,4.90%,134640,4.90%,2.837329927,4.90%,141237,4.90%,2.976359093,4.90%,148158,4.90%,3.122200689,4.90%,155418,4.90%,3.275188522
11412,0.000135477,0.049449105,37857,3.15%,39049,3.15%,0.051006752,4.90%,40963,4.90%,0.053506083,4.90%,42970,4.90%,0.056127881,4.90%,45076,4.90%,0.058878147,4.90%,47284,4.90%,0.061763176,4.90%,49601,4.90%,0.064789572,4.90%,52032,4.90%,0.067964261,4.90%,54581,4.90%,0.071294509
11413,0.000644515,0.235247975,41650,3.15%,42962,3.15%,0.242658286,4.90%,45067,4.90%,0.254548542,4.90%,47275,4.90%,0.267021421,4.90%,49592,4.90%,0.28010547,4.90%,52022,4.90%,0.293830638,4.90%,54571,4.90%,0.30822834,4.90%,57245,4.90%,0.323331528,4.90%,60050,4.90%,0.339174773
11414,0.004026985,1.469849525,28313,3.15%,29205,3.15%,1.516149785,4.90%,30636,4.90%,1.590441125,4.90%,32137,4.90%,1.66837274,4.90%,33712,4.90%,1.750123004,4.90%,35364,4.90%,1.835879031,4.90%,37096,4.90%,1.925837104,4.90%,38914,4.90%,2.020203122,4.90%,40821,4.90%,2.119193075
11415,0.010042563,3.665535495,18891,3.15%,19486,3.15%,3.780999863,4.90%,20441,4.90%,3.966268856,4.90%,21442,4.90%,4.16061603,4.90%,22493,4.90%,4.364486216,4.90%,23595,4.90%,4.57834604,4.90%,24752,4.90%,4.802684996,4.90%,25964,4.90%,5.038016561,4.90%,27237,4.90%,5.284879373
11416,0.000383503,0.139978595,26744,3.15%,27586,3.15%,0.144387921,4.90%,28938,4.90%,0.151462929,4.90%,30356,4.90%,0.158884612,4.90%,31844,4.90%,0.166669958,4.90%,33404,4.90%,0.174836786,4.90%,35041,4.90%,0.183403789,4.90%,36758,4.90%,0.192390575,4.90%,38559,4.90%,0.201817713
11417,0.000738738,0.26963937,31321,3.15%,32308,3.15%,0.27813301,4.90%,33891,4.90%,0.291761528,4.90%,35551,4.90%,0.306057843,4.90%,37293,4.90%,0.321054677,4.90%,39121,4.90%,0.336786356,4.90%,41038,4.90%,0.353288887,4.90%,43048,4.90%,0.370600043,4.90%,45158,4.90%,0.388759445
11418,0.00614368,2.2424432,38405,3.15%,39615,3.15%,2.313080161,4.90%,41556,4.90%,2.426421089,4.90%,43592,4.90%,2.545315722,4.90%,45728,4.90%,2.670036192,4.90%,47969,4.90%,2.800867966,4.90%,50319,4.90%,2.938110496,4.90%,52785,4.90%,3.08207791,4.90%,55371,4.90%,3.233099728
11419,0.004299434,1.56929341,48369,3.15%,49893,3.15%,1.618726152,4.90%,52337,4.90%,1.698043734,4.90%,54902,4.90%,1.781247877,4.90%,57592,4.90%,1.868529023,4.90%,60414,4.90%,1.960086945,4.90%,63374,4.90%,2.056131205,4.90%,66480,4.90%,2.156881634,4.90%,69737,4.90%,2.262568834
11420,0.000517323,0.188822895,47470,3.15%,48965,3.15%,0.194770816,4.90%,51365,4.90%,0.204314586,4.90%,53881,4.90%,0.214326001,4.90%,56522,4.90%,0.224827975,4.90%,59291,4.90%,0.235844546,4.90%,62196,4.90%,0.247400928,4.90%,65244,4.90%,0.259523574,4.90%,68441,4.90%,0.272240229
11421,0.003315713,1.210235245,41251,3.15%,42550,3.15%,1.248357655,4.90%,44635,4.90%,1.30952718,4.90%,46823,4.90%,1.373694012,4.90%,49117,4.90%,1.441005019,4.90%,51524,4.90%,1.511614265,4.90%,54048,4.90%,1.585683364,4.90%,56697,4.90%,1.663381848,4.90%,59475,4.90%,1.744887559
11422,0.000842099,0.307366135,32761,3.15%,33793,3.15%,0.317048168,4.90%,35449,4.90%,0.332583528,4.90%,37186,4.90%,0.348880121,4.90%,39008,4.90%,0.365975247,4.90%,40919,4.90%,0.383908034,4.90%,42924,4.90%,0.402719528,4.90%,45028,4.90%,0.422452785,4.90%,47234,4.90%,0.443152971
11423,0.004101303,1.496975595,30104,3.15%,31052,3.15%,1.544130326,4.90%,32574,4.90%,1.619792712,4.90%,34170,4.90%,1.699162555,4.90%,35844,4.90%,1.78242152,4.90%,37601,4.90%,1.869760175,4.90%,39443,4.90%,1.961378423,4.90%,41376,4.90%,2.057485966,4.90%,43403,4.90%,2.158302778
11426,0.000495317,0.180790705,20524,3.15%,21171,3.15%,0.186485612,4.90%,22208,4.90%,0.195623407,4.90%,23296,4.90%,0.205208954,4.90%,24438,4.90%,0.215264193,4.90%,25635,4.90%,0.225812138,4.90%,26891,4.90%,0.236876933,4.90%,28209,4.90%,0.248483903,4.90%,29591,4.90%,0.260659614
11427,0.002932553,1.070381845,24560,3.15%,25334,3.15%,1.104098873,4.90%,26575,4.90%,1.158199718,4.90%,27877,4.90%,1.214951504,4.90%,29243,4.90%,1.274484128,4.90%,30676,4.90%,1.33693385,4.90%,32179,4.90%,1.402443609,4.90%,33756,4.90%,1.471163346,4.90%,35410,4.90%,1.543250349
11428,0.000647548,0.23635502,18836,3.15%,19429,3.15%,0.243800203,4.90%,20381,4.90%,0.255746413,4.90%,21380,4.90%,0.268277987,4.90%,22428,4.90%,0.281423609,4.90%,23527,4.90%,0.295213366,4.90%,24679,4.90%,0.30967882,4.90%,25889,4.90%,0.324853083,4.90%,27157,4.90%,0.340770884
11429,0.000685988,0.25038562,27454,3.15%,28319,3.15%,0.258272767,4.90%,29706,4.90%,0.270928133,4.90%,31162,4.90%,0.284203611,4.90%,32689,4.90%,0.298129588,4.90%,34291,4.90%,0.312737938,4.90%,35971,4.90%,0.328062097,4.90%,37734,4.90%,0.34413714,4.90%,39583,4.90%,0.360999859
11430,0.003125389,1.140766985,206,3.15%,212,3.15%,1.176701145,4.90%,223,4.90%,1.234359501,4.90%,234,4.90%,1.294843117,4.90%,245,4.90%,1.358290429,4.90%,257,4.90%,1.42484666,4.90%,270,4.90%,1.494664147,4.90%,283,4.90%,1.56790269,4.90%,297,4.90%,1.644729922
11432,0.031587684,11.52950466,64299,3.15%,66324,3.15%,11.89268406,4.90%,69574,4.90%,12.47542558,4.90%,72983,4.90%,13.08672143,4.90%,76560,4.90%,13.72797078,4.90%,80311,4.90%,14.40064135,4.90%,84246,4.90%,15.10627277,4.90%,88374,4.90%,15.84648014,4.90%,92705,4.90%,16.62295767
11433,0.003420864,1.24861536,37021,3.15%,38187,3.15%,1.287946744,4.90%,40058,4.90%,1.351056134,4.90%,42021,4.90%,1.417257885,4.90%,44080,4.90%,1.486703521,4.90%,46240,4.90%,1.559551994,4.90%,48506,4.90%,1.635970041,4.90%,50883,4.90%,1.716132573,4.90%,53376,4.90%,1.80022307
11434,0.004651868,1.69793182,64304,3.15%,66330,3.15%,1.751416672,4.90%,69580,4.90%,1.837236089,4.90%,72989,4.90%,1.927260658,4.90%,76566,4.90%,2.02169643,4.90%,80317,4.90%,2.120759555,4.90%,84253,4.90%,2.224676773,4.90%,88381,4.90%,2.333685935,4.90%,92712,4.90%,2.448036546
11435,0.018404367,6.717593955,59605,3.15%,61483,3.15%,6.929198165,4.90%,64495,4.90%,7.268728875,4.90%,67655,4.90%,7.62489659,4.90%,70971,4.90%,7.998516522,4.90%,74448,4.90%,8.390443832,4.90%,78096,4.90%,8.80157558,4.90%,81923,4.90%,9.232852783,4.90%,85937,4.90%,9.68526257
11436,0.001075655,0.392614075,19167,3.15%,19771,3.15%,0.404981418,4.90%,20740,4.90%,0.424825508,4.90%,21756,4.90%,0.445641958,4.90%,22822,4.90%,0.467478414,4.90%,23940,4.90%,0.490384856,4.90%,25113,4.90%,0.514413714,4.90%,26344,4.90%,0.539619986,4.90%,27635,4.90%,0.566061365
11439,0.002013927,0.735083355,0,3.15%,0,3.15%,0.758238481,4.90%,0,4.90%,0.795392166,4.90%,0,4.90%,0.834366382,4.90%,0,4.90%,0.875250335,4.90%,0,4.90%,0.918137602,4.90%,0,4.90%,0.963126344,4.90%,0,4.90%,1.010319535,4.90%,0,4.90%,1.059825192
11474,0.003204388,1.16960162,0,3.15%,0,3.15%,1.206444071,4.90%,0,4.90%,1.265559831,4.90%,0,4.90%,1.327572262,4.90%,0,4.90%,1.392623303,4.90%,0,4.90%,1.460861845,4.90%,0,4.90%,1.532444075,4.90%,0,4.90%,1.607533835,4.90%,0,4.90%,1.686302993
11691,0.028348837,10.34732551,68543,3.15%,70702,3.15%,10.67326626,4.90%,74167,4.90%,11.19625631,4.90%,77801,4.90%,11.74487286,4.90%,81613,4.90%,12.32037163,4.90%,85612,4.90%,12.92406984,4.90%,89807,4.90%,13.55734927,4.90%,94207,4.90%,14.22165938,4.90%,98824,4.90%,14.91852069
11692,0.011606529,4.236383085,22074,3.15%,22769,3.15%,4.369829152,4.90%,23885,4.90%,4.583950781,4.90%,25055,4.90%,4.808564369,4.90%,26283,4.90%,5.044184023,4.90%,27571,4.90%,5.29134904,4.90%,28922,4.90%,5.550625143,4.90%,30339,4.90%,5.822605775,4.90%,31826,4.90%,6.107913458
11693,0.003286483,1.199566295,12944,3.15%,13352,3.15%,1.237352633,4.90%,14006,4.90%,1.297982912,4.90%,14692,4.90%,1.361584075,4.90%,15412,4.90%,1.428301695,4.90%,16167,4.90%,1.498288478,4.90%,16960,4.90%,1.571704613,4.90%,17791,4.90%,1.648718139,4.90%,18662,4.90%,1.729505328
11694,0.005042604,1.84055046,21202,3.15%,21870,3.15%,1.898527799,4.90%,22941,4.90%,1.991555662,4.90%,24066,4.90%,2.089141889,4.90%,25245,4.90%,2.191509842,4.90%,26482,4.90%,2.298893824,4.90%,27779,4.90%,2.411539621,4.90%,29141,4.90%,2.529705063,4.90%,30569,4.90%,2.653660611
11001,5.62E-05,0.020515008,28021,3.15%,28904,3.15%,0.02116123,4.90%,30320,4.90%,0.022198131,4.90%,31806,4.90%,0.023285839,4.90%,33364,4.90%,0.024426845,4.90%,34999,4.90%,0.02562376,4.90%,36714,4.90%,0.026879325,4.90%,38513,4.90%,0.028196412,4.90%,40400,4.90%,0.029578036
11100,5.31E-06,0.001937712,0,3.15%,0,3.15%,0.00199875,4.90%,0,4.90%,0.002096689,4.90%,0,4.90%,0.002199426,4.90%,0,4.90%,0.002307198,4.90%,0,4.90%,0.002420251,4.90%,0,4.90%,0.002538843,4.90%,0,4.90%,0.002663247,4.90%,0,4.90%,0.002793746
11110,1.58E-05,0.00576273,0,3.15%,0,3.15%,0.005944255,4.90%,0,4.90%,0.006235524,4.90%,0,4.90%,0.006541065,4.90%,0,4.90%,0.006861577,4.90%,0,4.90%,0.007197794,4.90%,0,4.90%,0.007550486,4.90%,0,4.90%,0.00792046,4.90%,0,4.90%,0.008308562
11359,0,0,0,3.15%,0,3.15%,0,4.90%,0,4.90%,0,4.90%,0,4.90%,0,4.90%,0,4.90%,0,4.90%,0,4.90%,0,4.90%,0,4.90%,0,4.90%,0,4.90%,0,4.90%,0,4.90%,0
11411,0.000225989,0.082485985,20719,3.15%,21372,3.15%,0.085084294,4.90%,22419,4.90%,0.089253424,4.90%,23517,4.90%,0.093626842,4.90%,24670,4.90%,0.098214557,4.90%,25879,4.90%,0.10302707,4.90%,27147,4.90%,0.108075397,4.90%,28477,4.90%,0.113371091,4.90%,29872,4.90%,0.118926275
10432,4.66E-09,1.70244E-06,0,3.15%,0,3.15%,1.75606E-06,4.90%,0,4.90%,1.84211E-06,4.90%,0,4.90%,1.93237E-06,4.90%,0,4.90%,2.02706E-06,4.90%,0,4.90%,2.12639E-06,4.90%,0,4.90%,2.23058E-06,4.90%,0,4.90%,2.33988E-06,4.90%,0,4.90%,2.45453E-06
10451,9.24E-07,0.000337164,48136,3.15%,49652,3.15%,0.000347785,4.90%,52085,4.90%,0.000364827,4.90%,54637,4.90%,0.000382703,4.90%,57315,4.90%,0.000401455,4.90%,60123,4.90%,0.000421127,4.90%,63069,4.90%,0.000441762,4.90%,66159,4.90%,0.000463408,4.90%,69401,4.90%,0.000486115
10452,1.71E-06,0.000623946,75452,3.15%,77829,3.15%,0.0006436,4.90%,81642,4.90%,0.000675136,4.90%,85643,4.90%,0.000708218,4.90%,89839,4.90%,0.000742921,4.90%,94241,4.90%,0.000779324,4.90%,98859,4.90%,0.000817511,4.90%,103703,4.90%,0.000857569,4.90%,108785,4.90%,0.000899589
10453,1.11E-06,0.000403376,81716,3.15%,84290,3.15%,0.000416082,4.90%,88420,4.90%,0.00043647,4.90%,92753,4.90%,0.000457858,4.90%,97298,4.90%,0.000480293,4.90%,102065,4.90%,0.000503827,4.90%,107067,4.90%,0.000528514,4.90%,112313,4.90%,0.000554412,4.90%,117816,4.90%,0.000581578
10454,4.05E-07,0.000147994,37212,3.15%,38384,3.15%,0.000152655,4.90%,40265,4.90%,0.000160136,4.90%,42238,4.90%,0.000167982,4.90%,44308,4.90%,0.000176213,4.90%,46479,4.90%,0.000184848,4.90%,48756,4.90%,0.000193905,4.90%,51145,4.90%,0.000203407,4.90%,53651,4.90%,0.000213374
10455,3.92E-07,0.000142953,41951,3.15%,43272,3.15%,0.000147456,4.90%,45393,4.90%,0.000154682,4.90%,47617,4.90%,0.000162261,4.90%,49950,4.90%,0.000170212,4.90%,52398,4.90%,0.000178552,4.90%,54965,4.90%,0.000187301,4.90%,57659,4.90%,0.000196479,4.90%,60484,4.90%,0.000206107
10456,9.45E-07,0.000344971,92717,3.15%,95638,3.15%,0.000355837,4.90%,100324,4.90%,0.000373273,4.90%,105240,4.90%,0.000391564,4.90%,110396,4.90%,0.00041075,4.90%,115806,4.90%,0.000430877,4.90%,121480,4.90%,0.00045199,4.90%,127433,4.90%,0.000474137,4.90%,133677,4.90%,0.00049737
10457,4.74E-06,0.001731848,74822,3.15%,77179,3.15%,0.001786402,4.90%,80961,4.90%,0.001873935,4.90%,84928,4.90%,0.001965758,4.90%,89089,4.90%,0.00206208,4.90%,93455,4.90%,0.002163122,4.90%,98034,4.90%,0.002269115,4.90%,102837,4.90%,0.002380302,4.90%,107877,4.90%,0.002496937
10458,1.31E-06,0.000477216,85620,3.15%,88317,3.15%,0.000492248,4.90%,92645,4.90%,0.000516368,4.90%,97184,4.90%,0.00054167,4.90%,101946,4.90%,0.000568212,4.90%,106942,4.90%,0.000596054,4.90%,112182,4.90%,0.000625261,4.90%,117679,4.90%,0.000655899,4.90%,123445,4.90%,0.000688038
10459,4.84E-07,0.000176651,48780,3.15%,50317,3.15%,0.000182215,4.90%,52782,4.90%,0.000191144,4.90%,55368,4.90%,0.00020051,4.90%,58081,4.90%,0.000210335,4.90%,60927,4.90%,0.000220641,4.90%,63913,4.90%,0.000231452,4.90%,67045,4.90%,0.000242794,4.90%,70330,4.90%,0.00025469
10460,7.04E-07,0.000256842,59432,3.15%,61304,3.15%,0.000264932,4.90%,64308,4.90%,0.000277914,4.90%,67459,4.90%,0.000291532,4.90%,70765,4.90%,0.000305817,4.90%,74232,4.90%,0.000320802,4.90%,77869,4.90%,0.000336521,4.90%,81685,4.90%,0.000353011,4.90%,85688,4.90%,0.000370308
10461,5.72E-07,0.000208807,49690,3.15%,51255,3.15%,0.000215384,4.90%,53767,4.90%,0.000225938,4.90%,56401,4.90%,0.000237009,4.90%,59165,4.90%,0.000248622,4.90%,62064,4.90%,0.000260805,4.90%,65105,4.90%,0.000273584,4.90%,68295,4.90%,0.00028699,4.90%,71642,4.90%,0.000301052
10462,5.07E-07,0.000185111,75714,3.15%,78099,3.15%,0.000190942,4.90%,81926,4.90%,0.000200298,4.90%,85940,4.90%,0.000210113,4.90%,90151,4.90%,0.000220408,4.90%,94569,4.90%,0.000231208,4.90%,99203,4.90%,0.000242537,4.90%,104063,4.90%,0.000254422,4.90%,109163,4.90%,0.000266888
10463,1.19E-06,0.000435,71132,3.15%,73373,3.15%,0.000448702,4.90%,76968,4.90%,0.000470689,4.90%,80739,4.90%,0.000493752,4.90%,84696,4.90%,0.000517946,4.90%,88846,4.90%,0.000543326,4.90%,93199,4.90%,0.000569949,4.90%,97766,4.90%,0.000597876,4.90%,102556,4.90%,0.000627172
10464,1.32E-08,4.82121E-06,4531,3.15%,4674,3.15%,4.97308E-06,4.90%,4903,4.90%,5.21676E-06,4.90%,5143,4.90%,5.47238E-06,4.90%,5395,4.90%,5.74053E-06,4.90%,5659,4.90%,6.02182E-06,4.90%,5937,4.90%,6.31688E-06,4.90%,6228,4.90%,6.62641E-06,4.90%,6533,4.90%,6.95111E-06
10465,5.04E-08,1.83944E-05,43671,3.15%,45047,3.15%,1.89738E-05,4.90%,47254,4.90%,1.99035E-05,4.90%,49569,4.90%,2.08788E-05,4.90%,51998,4.90%,2.19019E-05,4.90%,54546,4.90%,2.29751E-05,4.90%,57219,4.90%,2.41008E-05,4.90%,60023,4.90%,2.52818E-05,4.90%,62964,4.90%,2.65206E-05
10466,1.91E-07,6.96219E-05,75039,3.15%,77403,3.15%,7.1815E-05,4.90%,81195,4.90%,7.5334E-05,4.90%,85174,4.90%,7.90253E-05,4.90%,89348,4.90%,8.28976E-05,4.90%,93726,4.90%,8.69595E-05,4.90%,98318,4.90%,9.12206E-05,4.90%,103136,4.90%,9.56904E-05,4.90%,108189,4.90%,0.000100379
10467,1.37E-06,0.000498634,101255,3.15%,104445,3.15%,0.000514341,4.90%,109562,4.90%,0.000539543,4.90%,114931,4.90%,0.000565981,4.90%,120562,4.90%,0.000593714,4.90%,126470,4.90%,0.000622806,4.90%,132667,4.90%,0.000653324,4.90%,139168,4.90%,0.000685337,4.90%,145987,4.90%,0.000718918
10468,1.19E-06,0.000432952,78881,3.15%,81366,3.15%,0.00044659,4.90%,85353,4.90%,0.000468473,4.90%,89535,4.90%,0.000491428,4.90%,93922,4.90%,0.000515508,4.90%,98524,4.90%,0.000540768,4.90%,103352,4.90%,0.000567266,4.90%,108416,4.90%,0.000595062,4.90%,113729,4.90%,0.00062422
10469,1.61E-07,5.87577E-05,72384,3.15%,74664,3.15%,6.06086E-05,4.90%,78323,4.90%,6.35784E-05,4.90%,82160,4.90%,6.66937E-05,4.90%,86186,4.90%,6.99617E-05,4.90%,90409,4.90%,7.33898E-05,4.90%,94839,4.90%,7.69859E-05,4.90%,99487,4.90%,8.07583E-05,4.90%,104361,4.90%,8.47154E-05
10470,6.21E-08,2.26564E-05,15716,3.15%,16211,3.15%,2.33701E-05,4.90%,17005,4.90%,2.45152E-05,4.90%,17839,4.90%,2.57164E-05,4.90%,18713,4.90%,2.69765E-05,4.90%,19630,4.90%,2.82984E-05,4.90%,20592,4.90%,2.9685E-05,4.90%,21601,4.90%,3.11396E-05,4.90%,22659,4.90%,3.26654E-05
10471,2.90E-07,0.00010582,22422,3.15%,23128,3.15%,0.000109154,4.90%,24262,4.90%,0.000114502,4.90%,25450,4.90%,0.000120113,4.90%,26697,4.90%,0.000125998,4.90%,28006,4.90%,0.000132172,4.90%,29378,4.90%,0.000138649,4.90%,30817,4.90%,0.000145443,4.90%,32327,4.90%,0.000152569
10472,9.56E-07,0.000348864,67948,3.15%,70088,3.15%,0.000359853,4.90%,73523,4.90%,0.000377486,4.90%,77125,4.90%,0.000395983,4.90%,80904,4.90%,0.000415386,4.90%,84869,4.90%,0.00043574,4.90%,89027,4.90%,0.000457091,4.90%,93390,4.90%,0.000479489,4.90%,97966,4.90%,0.000502984
10473,3.04E-07,0.000110825,59579,3.15%,61456,3.15%,0.000114316,4.90%,64467,4.90%,0.000119918,4.90%,67626,4.90%,0.000125794,4.90%,70940,4.90%,0.000131958,4.90%,74416,4.90%,0.000138424,4.90%,78062,4.90%,0.000145206,4.90%,81887,4.90%,0.000152321,4.90%,85900,4.90%,0.000159785
10474,3.56E-07,0.000130106,12179,3.15%,12563,3.15%,0.000134204,4.90%,13178,4.90%,0.00014078,4.90%,13824,4.90%,0.000147678,4.90%,14501,4.90%,0.000154914,4.90%,15212,4.90%,0.000162505,4.90%,15957,4.90%,0.000170468,4.90%,16739,4.90%,0.000178821,4.90%,17559,4.90%,0.000187583
10475,6.66E-08,2.43182E-05,42818,3.15%,44167,3.15%,2.50842E-05,4.90%,46331,4.90%,2.63133E-05,4.90%,48601,4.90%,2.76027E-05,4.90%,50983,4.90%,2.89552E-05,4.90%,53481,4.90%,3.0374E-05,4.90%,56101,4.90%,3.18623E-05,4.90%,58850,4.90%,3.34236E-05,4.90%,61734,4.90%,3.50613E-05
10486,1.74E-09,6.34078E-07,0,3.15%,0,3.15%,6.54051E-07,4.90%,0,4.90%,6.861E-07,4.90%,0,4.90%,7.19719E-07,4.90%,0,4.90%,7.54985E-07,4.90%,0,4.90%,7.91979E-07,4.90%,0,4.90%,8.30786E-07,4.90%,0,4.90%,8.71495E-07,4.90%,0,4.90%,9.14198E-07
10401,5.14E-11,1.8761E-08,0,3.15%,0,3.15%,1.9352E-08,4.90%,0,4.90%,2.03002E-08,4.90%,0,4.90%,2.12949E-08,4.90%,0,4.90%,2.23384E-08,4.90%,0,4.90%,2.3433E-08,4.90%,0,4.90%,2.45812E-08,4.90%,0,4.90%,2.57857E-08,4.90%,0,4.90%,2.70492E-08
11201,0.002717895,0.992031675,63378,3.15%,65374,3.15%,1.023280673,4.90%,68578,4.90%,1.073421426,4.90%,71938,4.90%,1.126019076,4.90%,75463,4.90%,1.18119401,4.90%,79161,4.90%,1.239072517,4.90%,83040,4.90%,1.29978707,4.90%,87109,4.90%,1.363476637,4.90%,91377,4.90%,1.430286992
11202,9.60E-06,0.003504285,0,3.15%,0,3.15%,0.00361467,4.90%,0,4.90%,0.003791788,4.90%,0,4.90%,0.003977586,4.90%,0,4.90%,0.004172488,4.90%,0,4.90%,0.00437694,4.90%,0,4.90%,0.00459141,4.90%,0,4.90%,0.004816389,4.90%,0,4.90%,0.005052392
11203,0.001102386,0.40237089,76085,3.15%,78482,3.15%,0.415045573,4.90%,82327,4.90%,0.435382806,4.90%,86361,4.90%,0.456716564,4.90%,90593,4.90%,0.479095675,4.90%,95032,4.90%,0.502571363,4.90%,99689,4.90%,0.52719736,4.90%,104573,4.90%,0.553030031,4.90%,109697,4.90%,0.580128502
11204,0.000881908,0.32189642,76395,3.15%,78801,3.15%,0.332036157,4.90%,82663,4.90%,0.348305929,4.90%,86713,4.90%,0.365372919,4.90%,90962,4.90%,0.383276193,4.90%,95419,4.90%,0.402056726,4.90%,100095,4.90%,0.421757506,4.90%,104999,4.90%,0.442423623,4.90%,110144,4.90%,0.464102381
11205,0.001044902,0.38138923,46843,3.15%,48319,3.15%,0.393402991,4.90%,50686,4.90%,0.412679737,4.90%,53170,4.90%,0.432901044,4.90%,55775,4.90%,0.454113196,4.90%,58508,4.90%,0.476364742,4.90%,61375,4.90%,0.499706615,4.90%,64382,4.90%,0.524192239,4.90%,67537,4.90%,0.549877658
11206,0.001633719,0.596307435,88422,3.15%,91207,3.15%,0.615091119,4.90%,95676,4.90%,0.645230584,4.90%,100365,4.90%,0.676846883,4.90%,105282,4.90%,0.71001238,4.90%,110441,4.90%,0.744802987,4.90%,115853,4.90%,0.781298333,4.90%,121530,4.90%,0.819581951,4.90%,127485,4.90%,0.859741467
11207,0.001406247,0.513280155,91083,3.15%,93952,3.15%,0.52944848,4.90%,98556,4.90%,0.555391455,4.90%,103385,4.90%,0.582605637,4.90%,108451,4.90%,0.611153313,4.90%,113765,4.90%,0.641099825,4.90%,119339,4.90%,0.672513717,4.90%,125187,4.90%,0.705466889,4.90%,131321,4.90%,0.740034766
11208,0.000447764,0.16343386,101313,3.15%,104504,3.15%,0.168582027,4.90%,109625,4.90%,0.176842546,4.90%,114997,4.90%,0.185507831,4.90%,120632,4.90%,0.194597714,4.90%,126542,4.90%,0.204133002,4.90%,132743,4.90%,0.214135519,4.90%,139247,4.90%,0.22462816,4.90%,146071,4.90%,0.23563494
11209,0.001678024,0.61247876,67782,3.15%,69917,3.15%,0.631771841,4.90%,73343,4.90%,0.662728661,4.90%,76937,4.90%,0.695202366,4.90%,80707,4.90%,0.729267281,4.90%,84661,4.90%,0.765001378,4.90%,88810,4.90%,0.802486446,4.90%,93162,4.90%,0.841808282,4.90%,97726,4.90%,0.883056887
11210,0.003816499,1.393022135,64665,3.15%,66702,3.15%,1.436902332,4.90%,69970,4.90%,1.507310547,4.90%,73399,4.90%,1.581168763,4.90%,76995,4.90%,1.658646033,4.90%,80768,4.90%,1.739919688,4.90%,84726,4.90%,1.825175753,4.90%,88877,4.90%,1.914609365,4.90%,93232,4.90%,2.008425224
11211,0.001015729,0.370741085,103123,3.15%,106371,3.15%,0.382419429,4.90%,111584,4.90%,0.401157981,4.90%,117051,4.90%,0.420814722,4.90%,122787,4.90%,0.441434644,4.90%,128803,4.90%,0.463064941,4.90%,135115,4.90%,0.485755123,4.90%,141735,4.90%,0.509557124,4.90%,148680,4.90%,0.534525423
11212,0.001614968,0.58946332,75605,3.15%,77987,3.15%,0.608031415,4.90%,81808,4.90%,0.637824954,4.90%,85816,4.90%,0.669078377,4.90%,90021,4.90%,0.701863217,4.90%,94433,4.90%,0.736254515,4.90%,99060,4.90%,0.772330986,4.90%,103914,4.90%,0.810175204,4.90%,109005,4.90%,0.849873789
11213,0.001526056,0.55701044,67056,3.15%,69168,3.15%,0.574556269,4.90%,72558,4.90%,0.602709526,4.90%,76113,4.90%,0.632242293,4.90%,79842,4.90%,0.663222165,4.90%,83755,4.90%,0.695720051,4.90%,87859,4.90%,0.729810334,4.90%,92164,4.90%,0.76557104,4.90%,96680,4.90%,0.803084021
11214,0.001952265,0.712576725,92644,3.15%,95562,3.15%,0.735022892,4.90%,100245,4.90%,0.771039014,4.90%,105157,4.90%,0.808819925,4.90%,110310,4.90%,0.848452102,4.90%,115715,4.90%,0.890026255,4.90%,121385,4.90%,0.933637541,4.90%,127333,4.90%,0.97938578,4.90%,133572,4.90%,1.027375684
11215,0.00048775,0.17802875,69873,3.15%,72074,3.15%,0.183636656,4.90%,75606,4.90%,0.192634852,4.90%,79310,4.90%,0.202073959,4.90%,83197,4.90%,0.211975584,4.90%,87273,4.90%,0.222362387,4.90%,91550,4.90%,0.233258144,4.90%,96035,4.90%,0.244687793,4.90%,100741,4.90%,0.256677495
11216,0.001084342,0.39578483,57786,3.15%,59606,3.15%,0.408252052,4.90%,62527,4.90%,0.428256403,4.90%,65591,4.90%,0.449240966,4.90%,68805,4.90%,0.471253774,4.90%,72176,4.90%,0.494345209,4.90%,75713,4.90%,0.518568124,4.90%,79423,4.90%,0.543977962,4.90%,83314,4.90%,0.570632882
11217,0.000607281,0.221657565,41813,3.15%,43130,3.15%,0.228639778,4.90%,45243,4.90%,0.239843127,4.90%,47460,4.90%,0.251595441,4.90%,49786,4.90%,0.263923617,4.90%,52225,4.90%,0.276855875,4.90%,54785,4.90%,0.290421812,4.90%,57469,4.90%,0.304652481,4.90%,60285,4.90%,0.319580453
11218,0.001391273,0.507814645,72413,3.15%,74694,3.15%,0.523810806,4.90%,78354,4.90%,0.549477536,4.90%,82193,4.90%,0.576401935,4.90%,86221,4.90%,0.60464563,4.90%,90446,4.90%,0.634273266,4.90%,94877,4.90%,0.665352656,4.90%,99526,4.90%,0.697954936,4.90%,104403,4.90%,0.732154728
11219,0.001481968,0.54091832,89371,3.15%,92186,3.15%,0.557957247,4.90%,96703,4.90%,0.585297152,4.90%,101442,4.90%,0.613976713,4.90%,106412,4.90%,0.644061572,4.90%,111627,4.90%,0.675620589,4.90%,117096,4.90%,0.708725997,4.90%,122834,4.90%,0.743453571,4.90%,128853,4.90%,0.779882796
11220,0.000596262,0.21763563,93170,3.15%,96105,3.15%,0.224491152,4.90%,100814,4.90%,0.235491219,4.90%,105754,4.90%,0.247030289,4.90%,110936,4.90%,0.259134773,4.90%,116372,4.90%,0.271832377,4.90%,122074,4.90%,0.285152163,4.90%,128056,4.90%,0.299124619,4.90%,134330,4.90%,0.313781725
11221,0.000758233,0.276755045,83322,3.15%,85947,3.15%,0.285472829,4.90%,90158,4.90%,0.299460998,4.90%,94576,4.90%,0.314134586,4.90%,99210,4.90%,0.329527181,4.90%,104071,4.90%,0.345674013,4.90%,109171,4.90%,0.36261204,4.90%,114520,4.90%,0.38038003,4.90%,120132,4.90%,0.399018651
11222,0.000241401,0.088111365,36872,3.15%,38033,3.15%,0.090886873,4.90%,39897,4.90%,0.09534033,4.90%,41852,4.90%,0.100012006,4.90%,43903,4.90%,0.104912594,4.90%,46054,4.90%,0.110053311,4.90%,48311,4.90%,0.115445924,4.90%,50678,4.90%,0.121102774,4.90%,53161,4.90%,0.12703681
11223,0.000884465,0.322829725,81388,3.15%,83952,3.15%,0.332998861,4.90%,88065,4.90%,0.349315806,4.90%,92381,4.90%,0.36643228,4.90%,96907,4.90%,0.384387462,4.90%,101656,4.90%,0.403222447,4.90%,106637,4.90%,0.422980347,4.90%,111862,4.90%,0.443706384,4.90%,117343,4.90%,0.465447997
11224,0.001875845,0.684683425,45795,3.15%,47238,3.15%,0.706250953,4.90%,49552,4.90%,0.74085725,4.90%,51980,4.90%,0.777159255,4.90%,54527,4.90%,0.815240058,4.90%,57199,4.90%,0.855186821,4.90%,60002,4.90%,0.897090975,4.90%,62942,4.90%,0.941048433,4.90%,66026,4.90%,0.987159806
11225,0.002397014,0.87491011,56859,3.15%,58650,3.15%,0.902469778,4.90%,61524,4.90%,0.946690798,4.90%,64539,4.90%,0.993078647,4.90%,67701,4.90%,1.0417395,4.90%,71018,4.90%,1.092784736,4.90%,74498,4.90%,1.146331188,4.90%,78149,4.90%,1.202501416,4.90%,81978,4.90%,1.261423986
11226,0.003789946,1.38333029,99558,3.15%,102694,3.15%,1.426905194,4.90%,107726,4.90%,1.496823549,4.90%,113005,4.90%,1.570167903,4.90%,118542,4.90%,1.64710613,4.90%,124350,4.90%,1.72781433,4.90%,130444,4.90%,1.812477232,4.90%,136835,4.90%,1.901288617,4.90%,143540,4.90%,1.994451759
11228,7.10E-05,0.025903977,44348,3.15%,45745,3.15%,0.026719952,4.90%,47986,4.90%,0.02802923,4.90%,50338,4.90%,0.029402662,4.90%,52804,4.90%,0.030843393,4.90%,55392,4.90%,0.032354719,4.90%,58106,4.90%,0.0339401,4.90%,60953,4.90%,0.035603165,4.90%,63940,4.90%,0.03734772
11229,0.001900584,0.69371316,83119,3.15%,85737,3.15%,0.715565125,4.90%,89938,4.90%,0.750627816,4.90%,94345,4.90%,0.787408579,4.90%,98968,4.90%,0.825991599,4.90%,103818,4.90%,0.866465187,4.90%,108905,4.90%,0.908921981,4.90%,114241,4.90%,0.953459159,4.90%,119839,4.90%,1.000178657
11230,0.00285552,1.0422648,86139,3.15%,88852,3.15%,1.075096141,4.90%,93206,4.90%,1.127775852,4.90%,97773,4.90%,1.183036869,4.90%,102564,4.90%,1.241005675,4.90%,107590,4.90%,1.301814954,4.90%,112862,4.90%,1.365603886,4.90%,118392,4.90%,1.432518477,4.90%,124193,4.90%,1.502711882
11231,0.00110548,0.4035002,37874,3.15%,39067,3.15%,0.416210456,4.90%,40981,4.90%,0.436604769,4.90%,42989,4.90%,0.457998402,4.90%,45096,4.90%,0.480440324,4.90%,47306,4.90%,0.5039819,4.90%,49624,4.90%,0.528677013,4.90%,52055,4.90%,0.554582187,4.90%,54606,4.90%,0.581756714
11232,0.000689637,0.251717505,26430,3.15%,27263,3.15%,0.259646606,4.90%,28598,4.90%,0.27236929,4.90%,30000,4.90%,0.285715385,4.90%,31470,4.90%,0.299715439,4.90%,33012,4.90%,0.314401496,4.90%,34629,4.90%,0.329807169,4.90%,36326,4.90%,0.34596772,4.90%,38106,4.90%,0.362920139
11233,0.000758721,0.276933165,79439,3.15%,81941,3.15%,0.28565656,4.90%,85956,4.90%,0.299653731,4.90%,90168,4.90%,0.314336764,4.90%,94587,4.90%,0.329739265,4.90%,99221,4.90%,0.345896489,4.90%,104083,4.90%,0.362845417,4.90%,109183,4.90%,0.380624843,4.90%,114533,4.90%,0.39927546
11234,0.000520046,0.18981679,93534,3.15%,96480,3.15%,0.195796019,4.90%,101208,4.90%,0.205390024,4.90%,106167,4.90%,0.215454135,4.90%,111369,4.90%,0.226011388,4.90%,116826,4.90%,0.237085946,4.90%,122551,4.90%,0.248703157,4.90%,128556,4.90%,0.260889612,4.90%,134855,4.90%,0.273673203
11235,0.003029195,1.105656175,78775,3.15%,81256,3.15%,1.140484345,4.90%,85238,4.90%,1.196368077,4.90%,89415,4.90%,1.254990113,4.90%,93796,4.90%,1.316484629,4.90%,98392,4.90%,1.380992376,4.90%,103213,4.90%,1.448661002,4.90%,108271,4.90%,1.519645391,4.90%,113576,4.90%,1.594108015
11236,0.000239456,0.08740144,100844,3.15%,104021,3.15%,0.090154585,4.90%,109118,4.90%,0.09457216,4.90%,114464,4.90%,0.099206196,4.90%,120073,4.90%,0.104067299,4.90%,125957,4.90%,0.109166597,4.90%,132129,4.90%,0.11451576,4.90%,138603,4.90%,0.120127033,4.90%,145394,4.90%,0.126013257
11237,0.00035065,0.12798725,48876,3.15%,50416,3.15%,0.132018848,4.90%,52886,4.90%,0.138487772,4.90%,55477,4.90%,0.145273673,4.90%,58196,4.90%,0.152392083,4.90%,61047,4.90%,0.159859295,4.90%,64039,4.90%,0.1676924,4.90%,67177,4.90%,0.175909328,4.90%,70468,4.90%,0.184528885
11238,0.00126606,0.4621119,55210,3.15%,56949,3.15%,0.476668425,4.90%,59740,4.90%,0.500025178,4.90%,62667,4.90%,0.524526411,4.90%,65738,4.90%,0.550228206,4.90%,68959,4.90%,0.577189388,4.90%,72338,4.90%,0.605471668,4.90%,75882,4.90%,0.635139779,4.90%,79600,4.90%,0.666261628
11239,8.13E-05,0.029669901,12772,3.15%,13174,3.15%,0.030604503,4.90%,13820,4.90%,0.032104124,4.90%,14497,4.90%,0.033677226,4.90%,15207,4.90%,0.03532741,4.90%,15953,4.90%,0.037058453,4.90%,16734,4.90%,0.038874317,4.90%,17554,4.90%,0.040779158,4.90%,18414,4.90%,0.042777337
11243,2.50E-05,0.009138615,0,3.15%,0,3.15%,0.009426481,4.90%,0,4.90%,0.009888378,4.90%,0,4.90%,0.010372909,4.90%,0,4.90%,0.010881182,4.90%,0,4.90%,0.011414359,4.90%,0,4.90%,0.011973663,4.90%,0,4.90%,0.012560372,4.90%,0,4.90%,0.013175831
11249,0.00057149,0.20859385,0,3.15%,0,3.15%,0.215164556,4.90%,0,4.90%,0.22570762,4.90%,0,4.90%,0.236767293,4.90%,0,4.90%,0.24836889,4.90%,0,4.90%,0.260538966,4.90%,0,4.90%,0.273305375,4.90%,0,4.90%,0.286697339,4.90%,0,4.90%,0.300745508
11255,1.18E-05,0.004306927,0,3.15%,0,3.15%,0.004442595,4.90%,0,4.90%,0.004660282,4.90%,0,4.90%,0.004888636,4.90%,0,4.90%,0.005128179,4.90%,0,4.90%,0.00537946,4.90%,0,4.90%,0.005643054,4.90%,0,4.90%,0.005919563,4.90%,0,4.90%,0.006209622
11241,1.23E-05,0.004498443,0,3.15%,0,3.15%,0.004640143,4.90%,0,4.90%,0.00486751,4.90%,0,4.90%,0.005106018,4.90%,0,4.90%,0.005356213,4.90%,0,4.90%,0.005618668,4.90%,0,4.90%,0.005893983,4.90%,0,4.90%,0.006182788,4.90%,0,4.90%,0.006485744
11242,0,0,0,3.15%,0,3.15%,0,4.90%,0,4.90%,0,4.90%,0,4.90%,0,4.90%,0,4.90%,0,4.90%,0,4.90%,0,4.90%,0,4.90%,0,4.90%,0,4.90%,0,4.90%,0,4.90%,0
11245,8.80E-05,0.032119927,0,3.15%,0,3.15%,0.033131705,4.90%,0,4.90%,0.034755158,4.90%,0,4.90%,0.036458161,4.90%,0,4.90%,0.038244611,4.90%,0,4.90%,0.040118597,4.90%,0,4.90%,0.042084408,4.90%,0,4.90%,0.044146544,4.90%,0,4.90%,0.046309725
10001,0.007058713,2.576430245,24117,3.15%,24877,3.15%,2.657587798,4.90%,26096,4.90%,2.7878096,4.90%,27374,4.90%,2.92441227,4.90%,28716,4.90%,3.067708471,4.90%,30123,4.90%,3.218026187,4.90%,31599,4.90%,3.37570947,4.90%,33147,4.90%,3.541119234,4.90%,34771,4.90%,3.714634076
10002,0.004840197,1.766671905,74479,3.15%,76825,3.15%,1.82232207,4.90%,80590,4.90%,1.911615851,4.90%,84538,4.90%,2.005285028,4.90%,88681,4.90%,2.103543995,4.90%,93026,4.90%,2.20661765,4.90%,97584,4.90%,2.314741915,4.90%,102366,4.90%,2.428164269,4.90%,107382,4.90%,2.547144318
10003,0.040761271,14.87786392,53977,3.15%,55677,3.15%,15.34651663,4.90%,58405,4.90%,16.09849594,4.90%,61267,4.90%,16.88732224,4.90%,64269,4.90%,17.71480103,4.90%,67419,4.90%,18.58282628,4.90%,70722,4.90%,19.49338477,4.90%,74188,4.90%,20.44856063,4.90%,77823,4.90%,21.4505401
10004,0.001054722,0.38497353,3335,3.15%,3440,3.15%,0.397100196,4.90%,3609,4.90%,0.416558106,4.90%,3785,4.90%,0.436969453,4.90%,3971,4.90%,0.458380956,4.90%,4165,4.90%,0.480841623,4.90%,4370,4.90%,0.504402863,4.90%,4584,4.90%,0.529118603,4.90%,4808,4.90%,0.555045414
10005,0.001124175,0.410323875,8701,3.15%,8975,3.15%,0.423249077,4.90%,9415,4.90%,0.443988282,4.90%,9876,4.90%,0.465743708,4.90%,10360,4.90%,0.488565149,4.90%,10868,4.90%,0.512504842,4.90%,11400,4.90%,0.537617579,4.90%,11959,4.90%,0.56396084,4.90%,12545,4.90%,0.591594921
10006,0.000722243,0.263618695,3092,3.15%,3189,3.15%,0.271922684,4.90%,3346,4.90%,0.285246895,4.90%,3510,4.90%,0.299223993,4.90%,3682,4.90%,0.313885969,4.90%,3862,4.90%,0.329266381,4.90%,4051,4.90%,0.345400434,4.90%,4250,4.90%,0.362325055,4.90%,4458,4.90%,0.380078983
10007,0.005153067,1.880869455,7408,3.15%,7641,3.15%,1.940116843,4.90%,8016,4.90%,2.035182568,4.90%,8409,4.90%,2.134906514,4.90%,8821,4.90%,2.239516933,4.90%,9253,4.90%,2.349253263,4.90%,9706,4.90%,2.464366673,4.90%,10182,4.90%,2.58512064,4.90%,10681,4.90%,2.711791551
10009,0.001849675,0.675131375,58293,3.15%,60129,3.15%,0.696398013,4.90%,63076,4.90%,0.730521516,4.90%,66166,4.90%,0.76631707,4.90%,69408,4.90%,0.803866607,4.90%,72809,4.90%,0.84325607,4.90%,76377,4.90%,0.884575618,4.90%,80120,4.90%,0.927919823,4.90%,84045,4.90%,0.973387894
10010,0.002690532,0.98204418,35906,3.15%,37037,3.15%,1.012978572,4.90%,38852,4.90%,1.062614522,4.90%,40756,4.90%,1.114682633,4.90%,42753,4.90%,1.169302082,4.90%,44847,4.90%,1.226597884,4.90%,47045,4.90%,1.286701181,4.90%,49350,4.90%,1.349749538,4.90%,51768,4.90%,1.415887266
10011,0.003708942,1.35376383,49949,3.15%,51522,3.15%,1.396407391,4.90%,54047,4.90%,1.464831353,4.90%,56695,4.90%,1.536608089,4.90%,59473,4.90%,1.611901885,4.90%,62388,4.90%,1.690885078,4.90%,65445,4.90%,1.773738447,4.90%,68651,4.90%,1.860651631,4.90%,72015,4.90%,1.95182356
10012,0.001650236,0.60233614,23318,3.15%,24053,3.15%,0.621309728,4.90%,25231,4.90%,0.651753905,4.90%,26467,4.90%,0.683689846,4.90%,27764,4.90%,0.717190649,4.90%,29125,4.90%,0.752332991,4.90%,30552,4.90%,0.789197307,4.90%,32049,4.90%,0.827867975,4.90%,33619,4.90%,0.868433506
10013,0.003563188,1.30056362,28799,3.15%,29706,3.15%,1.341531374,4.90%,31162,4.90%,1.407266411,4.90%,32689,4.90%,1.476222466,4.90%,34290,4.90%,1.548557366,4.90%,35971,4.90%,1.624436677,4.90%,37733,4.90%,1.704034074,4.90%,39582,4.90%,1.787531744,4.90%,41522,4.90%,1.8751208
10014,0.001865525,0.680916625,30344,3.15%,31300,3.15%,0.702365499,4.90%,32834,4.90%,0.736781408,4.90%,34442,4.90%,0.772883697,4.90%,36130,4.90%,0.810754998,4.90%,37900,4.90%,0.850481993,4.90%,39758,4.90%,0.892155611,4.90%,41706,4.90%,0.935871236,4.90%,43749,4.90%,0.981728926
10015,1.94E-05,0.00709268,0,3.15%,0,3.15%,0.007316099,4.90%,0,4.90%,0.007674588,4.90%,0,4.90%,0.008050643,4.90%,0,4.90%,0.008445125,4.90%,0,4.90%,0.008858936,4.90%,0,4.90%,0.009293024,4.90%,0,4.90%,0.009748382,4.90%,0,4.90%,0.010226052
10016,0.006072301,2.216389865,52886,3.15%,54552,3.15%,2.286206146,4.90%,57225,4.90%,2.398230247,4.90%,60029,4.90%,2.515743529,4.90%,62970,4.90%,2.639014962,4.90%,66056,4.90%,2.768326695,4.90%,69293,4.90%,2.903974703,4.90%,72688,4.90%,3.046269464,4.90%,76250,4.90%,3.195536667
10017,0.003444241,1.257147965,15846,3.15%,16345,3.15%,1.296748126,4.90%,17146,4.90%,1.360288784,4.90%,17986,4.90%,1.426942934,4.90%,18868,4.90%,1.496863138,4.90%,19792,4.90%,1.570209432,4.90%,20762,4.90%,1.647149694,4.90%,21779,4.90%,1.727860029,4.90%,22846,4.90%,1.812525171
10018,0.003401084,1.24139566,8806,3.15%,9083,3.15%,1.280499623,4.90%,9528,4.90%,1.343244105,4.90%,9995,4.90%,1.409063066,4.90%,10485,4.90%,1.478107156,4.90%,10999,4.90%,1.550534407,4.90%,11538,4.90%,1.626510593,4.90%,12103,4.90%,1.706209612,4.90%,12696,4.90%,1.789813883
10019,0.018930191,6.909519715,45498,3.15%,46931,3.15%,7.127169586,4.90%,49231,4.90%,7.476400896,4.90%,51643,4.90%,7.84274454,4.90%,54174,4.90%,8.227039022,4.90%,56828,4.90%,8.630163934,4.90%,59613,4.90%,9.053041967,4.90%,62534,4.90%,9.496641023,4.90%,65598,4.90%,9.961976433
10021,0.005117927,1.868043355,44280,3.15%,45675,3.15%,1.926886721,4.90%,47913,4.90%,2.02130417,4.90%,50261,4.90%,2.120348074,4.90%,52723,4.90%,2.22424513,4.90%,55307,4.90%,2.333233141,4.90%,58017,4.90%,2.447561565,4.90%,60860,4.90%,2.567492082,4.90%,63842,4.90%,2.693299194
10022,0.005011229,1.829098585,31130,3.15%,32111,3.15%,1.88671519,4.90%,33684,4.90%,1.979164235,4.90%,35335,4.90%,2.076143282,4.90%,37066,4.90%,2.177874303,4.90%,38882,4.90%,2.284590144,4.90%,40787,4.90%,2.396535061,4.90%,42786,4.90%,2.513965279,4.90%,44882,4.90%,2.637149578
10023,0.00820202,2.9937373,62541,3.15%,64511,3.15%,3.088040025,4.90%,67672,4.90%,3.239353986,4.90%,70988,4.90%,3.398082331,4.90%,74466,4.90%,3.564588366,4.90%,78115,4.90%,3.739253196,4.90%,81943,4.90%,3.922476602,4.90%,85958,4.90%,4.114677956,4.90%,90170,4.90%,4.316297176
10024,0.004878598,1.78068827,58102,3.15%,59932,3.15%,1.836779951,4.90%,62869,4.90%,1.926782168,4.90%,65949,4.90%,2.021194494,4.90%,69181,4.90%,2.120233025,4.90%,72571,4.90%,2.224124443,4.90%,76127,4.90%,2.33310654,4.90%,79857,4.90%,2.447428761,4.90%,83770,4.90%,2.56735277
10025,0.007850029,2.865260585,92251,3.15%,95157,3.15%,2.955516293,4.90%,99820,4.90%,3.100336592,4.90%,104711,4.90%,3.252253085,4.90%,109842,4.90%,3.411613486,4.90%,115224,4.90%,3.578782547,4.90%,120870,4.90%,3.754142892,4.90%,126792,4.90%,3.938095893,4.90%,133005,4.90%,4.131062592
10026,0.00387851,1.41565615,38585,3.15%,39800,3.15%,1.460249319,4.90%,41751,4.90%,1.531801535,4.90%,43796,4.90%,1.606859811,4.90%,45942,4.90%,1.685595941,4.90%,48194,4.90%,1.768190142,4.90%,50555,4.90%,1.854831459,4.90%,53032,4.90%,1.945718201,4.90%,55631,4.90%,2.041058393
10027,0.003721144,1.35821756,64988,3.15%,67035,3.15%,1.401001413,4.90%,70320,4.90%,1.469650482,4.90%,73766,4.90%,1.541663356,4.90%,77380,4.90%,1.61720486,4.90%,81172,4.90%,1.696447899,4.90%,85149,4.90%,1.779573846,4.90%,89321,4.90%,1.866772964,4.90%,93698,4.90%,1.958244839
10028,0.004987079,1.820283835,46768,3.15%,48241,3.15%,1.877622776,4.90%,50605,4.90%,1.969626292,4.90%,53085,4.90%,2.06613798,4.90%,55686,4.90%,2.167378741,4.90%,58414,4.90%,2.273580299,4.90%,61277,4.90%,2.384985734,4.90%,64279,4.90%,2.501850035,4.90%,67429,4.90%,2.624440687
10029,0.009988786,3.64590689,76713,3.15%,79129,3.15%,3.760752957,4.90%,83007,4.90%,3.945029852,4.90%,87074,4.90%,4.138336315,4.90%,91341,4.90%,4.341114794,4.90%,95816,4.90%,4.553829419,4.90%,100511,4.90%,4.776967061,4.90%,105437,4.90%,5.011038447,4.90%,110603,4.90%,5.25657933
10030,0.001859153,0.678590845,31060,3.15%,32038,3.15%,0.699966457,4.90%,33608,4.90%,0.734264813,4.90%,35255,4.90%,0.770243789,4.90%,36983,4.90%,0.807985734,4.90%,38795,4.90%,0.847577035,4.90%,40696,4.90%,0.88910831,4.90%,42690,4.90%,0.932674617,4.90%,44782,4.90%,0.978375674
10031,0.006879958,2.51118467,59586,3.15%,61463,3.15%,2.590286987,4.90%,64475,4.90%,2.717211049,4.90%,67634,4.90%,2.850354391,4.90%,70948,4.90%,2.990021756,4.90%,74424,4.90%,3.136532822,4.90%,78071,4.90%,3.29022293,4.90%,81897,4.90%,3.451443854,4.90%,85910,4.90%,3.620564603
10032,0.005024014,1.83376511,63214,3.15%,65205,3.15%,1.891528711,4.90%,68400,4.90%,1.984213618,4.90%,71752,4.90%,2.081440085,4.90%,75268,4.90%,2.183430649,4.90%,78956,4.90%,2.290418751,4.90%,82825,4.90%,2.40264927,4.90%,86883,4.90%,2.520379084,4.90%,91140,4.90%,2.643877659
10033,0.005778699,2.109225135,58349,3.15%,60187,3.15%,2.175665727,4.90%,63136,4.90%,2.282273347,4.90%,66230,4.90%,2.394104741,4.90%,69475,4.90%,2.511415874,4.90%,72879,4.90%,2.634475252,4.90%,76450,4.90%,2.763564539,4.90%,80197,4.90%,2.898979201,4.90%,84126,4.90%,3.041029182
10034,0.003798458,1.38643717,42399,3.15%,43735,3.15%,1.430109941,4.90%,45878,4.90%,1.500185328,4.90%,48126,4.90%,1.573694409,4.90%,50484,4.90%,1.650805435,4.90%,52957,4.90%,1.731694901,4.90%,55552,4.90%,1.816547952,4.90%,58274,4.90%,1.905558801,4.90%,61130,4.90%,1.998931182
10035,0.003301354,1.20499421,36048,3.15%,37184,3.15%,1.242951528,4.90%,39006,4.90%,1.303856152,4.90%,40917,4.90%,1.367745104,4.90%,42922,4.90%,1.434764614,4.90%,45025,4.90%,1.50506808,4.90%,47231,4.90%,1.578816416,4.90%,49545,4.90%,1.65617842,4.90%,51973,4.90%,1.737331163
10036,0.005687167,2.075815955,28487,3.15%,29384,3.15%,2.141204158,4.90%,30824,4.90%,2.246123161,4.90%,32335,4.90%,2.356183196,4.90%,33919,4.90%,2.471636173,4.90%,35581,4.90%,2.592746345,4.90%,37324,4.90%,2.719790916,4.90%,39153,4.90%,2.853060671,4.90%,41072,4.90%,2.992860644
10037,0.002520529,0.919993085,20462,3.15%,21107,3.15%,0.948972867,4.90%,22141,4.90%,0.995472538,4.90%,23226,4.90%,1.044250692,4.90%,24364,4.90%,1.095418976,4.90%,25558,4.90%,1.149094506,4.90%,26810,4.90%,1.205400137,4.90%,28124,4.90%,1.264464743,4.90%,29502,4.90%,1.326423516
10038,0.001975895,0.721201675,23311,3.15%,24045,3.15%,0.743919528,4.90%,25224,4.90%,0.780371585,4.90%,26459,4.90%,0.818609792,4.90%,27756,4.90%,0.858721672,4.90%,29116,4.90%,0.900799034,4.90%,30543,4.90%,0.944938187,4.90%,32039,4.90%,0.991240158,4.90%,33609,4.90%,1.039810926
10039,0.001685853,0.615336345,27854,3.15%,28731,3.15%,0.63471944,4.90%,30139,4.90%,0.665820692,4.90%,31616,4.90%,0.698445906,4.90%,33165,4.90%,0.732669756,4.90%,34790,4.90%,0.768570574,4.90%,36495,4.90%,0.806230532,4.90%,38283,4.90%,0.845735828,4.90%,40159,4.90%,0.887176884
10040,0.006129616,2.23730984,44800,3.15%,46211,3.15%,2.3077851,4.90%,48476,4.90%,2.42086657,4.90%,50851,4.90%,2.539489032,4.90%,53343,4.90%,2.663923994,4.90%,55956,4.90%,2.79445627,4.90%,58698,4.90%,2.931384627,4.90%,61574,4.90%,3.075022474,4.90%,64592,4.90%,3.225698575
10044,0.000462427,0.168785855,12440,3.15%,12832,3.15%,0.174102609,4.90%,13461,4.90%,0.182633637,4.90%,14120,4.90%,0.191582686,4.90%,14812,4.90%,0.200970237,4.90%,15538,4.90%,0.210817779,4.90%,16299,4.90%,0.22114785,4.90%,17098,4.90%,0.231984095,4.90%,17936,4.90%,0.243351315
10065,0.00291894,1.0654131,0,3.15%,0,3.15%,1.098973613,4.90%,0,4.90%,1.15282332,4.90%,0,4.90%,1.209311662,4.90%,0,4.90%,1.268567934,4.90%,0,4.90%,1.330727763,4.90%,0,4.90%,1.395933423,4.90%,0,4.90%,1.464334161,4.90%,0,4.90%,1.536086535
10069,0.000815645,0.297710425,6051,3.15%,6242,3.15%,0.307088303,4.90%,6547,4.90%,0.32213563,4.90%,6868,4.90%,0.337920276,4.90%,7205,4.90%,0.35447837,4.90%,7558,4.90%,0.37184781,4.90%,7928,4.90%,0.390068352,4.90%,8317,4.90%,0.409181702,4.90%,8724,4.90%,0.429231605
10075,0.002416516,0.88202834,0,3.15%,0,3.15%,0.909812233,4.90%,0,4.90%,0.954393032,4.90%,0,4.90%,1.001158291,4.90%,0,4.90%,1.050215047,4.90%,0,4.90%,1.101675584,4.90%,0,4.90%,1.155657688,4.90%,0,4.90%,1.212284915,4.90%,0,4.90%,1.271686875
10106,4.46E-05,0.016285388,0,3.15%,0,3.15%,0.016798377,4.90%,0,4.90%,0.017621498,4.90%,0,4.90%,0.018484951,4.90%,0,4.90%,0.019390714,4.90%,0,4.90%,0.020340859,4.90%,0,4.90%,0.021337561,4.90%,0,4.90%,0.022383101,4.90%,0,4.90%,0.023479873
10128,0.006275578,2.29058597,58636,3.15%,60483,3.15%,2.362739428,4.90%,63447,4.90%,2.47851366,4.90%,66556,4.90%,2.599960829,4.90%,69817,4.90%,2.72735891,4.90%,73238,4.90%,2.860999497,4.90%,76826,4.90%,3.001188472,4.90%,80591,4.90%,3.148246707,4.90%,84540,4.90%,3.302510796
10130,6.69E-06,0.002441609,0,3.15%,0,3.15%,0.00251852,4.90%,0,4.90%,0.002641927,4.90%,0,4.90%,0.002771382,4.90%,0,4.90%,0.002907179,4.90%,0,4.90%,0.003049631,4.90%,0,4.90%,0.003199063,4.90%,0,4.90%,0.003355817,4.90%,0,4.90%,0.003520252
10155,3.61E-05,0.013178654,0,3.15%,0,3.15%,0.013593781,4.90%,0,4.90%,0.014259876,4.90%,0,4.90%,0.01495861,4.90%,0,4.90%,0.015691582,4.90%,0,4.90%,0.01646047,4.90%,0,4.90%,0.017267033,4.90%,0,4.90%,0.018113117,4.90%,0,4.90%,0.01900066
10162,0.000208874,0.07623901,1486,3.15%,1533,3.15%,0.078640539,4.90%,1608,4.90%,0.082493925,4.90%,1687,4.90%,0.086536128,4.90%,1769,4.90%,0.090776398,4.90%,1856,4.90%,0.095224441,4.90%,1947,4.90%,0.099890439,4.90%,2042,4.90%,0.10478507,4.90%,2142,4.90%,0.109919539
10172,0.000210739,0.076919735,0,3.15%,0,3.15%,0.079342707,4.90%,0,4.90%,0.083230499,4.90%,0,4.90%,0.087308794,4.90%,0,4.90%,0.091586925,4.90%,0,4.90%,0.096074684,4.90%,0,4.90%,0.100782343,4.90%,0,4.90%,0.105720678,4.90%,0,4.90%,0.110900992
10280,0.001016999,0.371204635,9496,3.15%,9795,3.15%,0.382897581,4.90%,10275,4.90%,0.401659562,4.90%,10779,4.90%,0.421340881,4.90%,11307,4.90%,0.441986584,4.90%,11861,4.90%,0.463643927,4.90%,12442,4.90%,0.486362479,4.90%,13052,4.90%,0.510194241,4.90%,13691,4.90%,0.535193759
10282,0.000578281,0.211072565,5783,3.15%,5965,3.15%,0.217721351,4.90%,6257,4.90%,0.228389697,4.90%,6564,4.90%,0.239580792,4.90%,6886,4.90%,0.251320251,4.90%,7223,4.90%,0.263634943,4.90%,7577,4.90%,0.276553055,4.90%,7948,4.90%,0.290104155,4.90%,8338,4.90%,0.304319259
10020,0.000160161,0.058458765,0,3.15%,0,3.15%,0.060300216,4.90%,0,4.90%,0.063254927,4.90%,0,4.90%,0.066354418,4.90%,0,4.90%,0.069605785,4.90%,0,4.90%,0.073016468,4.90%,0,4.90%,0.076594275,4.90%,0,4.90%,0.080347394,4.90%,0,4.90%,0.084284417
10041,0.000276417,0.100892205,0,3.15%,0,3.15%,0.104070309,4.90%,0,4.90%,0.109169755,4.90%,0,4.90%,0.114519073,4.90%,0,4.90%,0.120130507,4.90%,0,4.90%,0.126016902,4.90%,0,4.90%,0.13219173,4.90%,0,4.90%,0.138669125,4.90%,0,4.90%,0.145463912
10045,0.004578364,1.67110286,0,3.15%,0,3.15%,1.7237426,4.90%,0,4.90%,1.808205987,4.90%,0,4.90%,1.896808081,4.90%,0,4.90%,1.989751677,4.90%,0,4.90%,2.087249509,4.90%,0,4.90%,2.189524735,4.90%,0,4.90%,2.296811447,4.90%,0,4.90%,2.409355208
10055,4.78E-05,0.01743543,0,3.15%,0,3.15%,0.017984646,4.90%,0,4.90%,0.018865893,4.90%,0,4.90%,0.019790322,4.90%,0,4.90%,0.020760048,4.90%,0,4.90%,0.02177729,4.90%,0,4.90%,0.022844377,4.90%,0,4.90%,0.023963752,4.90%,0,4.90%,0.025137976
10103,7.83E-05,0.028585742,0,3.15%,0,3.15%,0.029486192,4.90%,0,4.90%,0.030931016,4.90%,0,4.90%,0.032446636,4.90%,0,4.90%,0.034036521,4.90%,0,4.90%,0.03570431,4.90%,0,4.90%,0.037453821,4.90%,0,4.90%,0.039289059,4.90%,0,4.90%,0.041214223
10104,0.000213562,0.07795013,0,3.15%,0,3.15%,0.080405559,4.90%,0,4.90%,0.084345431,4.90%,0,4.90%,0.088478358,4.90%,0,4.90%,0.092813797,4.90%,0,4.90%,0.097361673,4.90%,0,4.90%,0.102132395,4.90%,0,4.90%,0.107136883,4.90%,0,4.90%,0.11238659
10105,0.000229259,0.083679535,0,3.15%,0,3.15%,0.08631544,4.90%,0,4.90%,0.090544897,4.90%,0,4.90%,0.094981597,4.90%,0,4.90%,0.099635695,4.90%,0,4.90%,0.104517844,4.90%,0,4.90%,0.109639219,4.90%,0,4.90%,0.11501154,4.90%,0,4.90%,0.120647106
10107,1.57E-05,0.005722726,0,3.15%,0,3.15%,0.005902991,4.90%,0,4.90%,0.006192238,4.90%,0,4.90%,0.006495658,4.90%,0,4.90%,0.006813945,4.90%,0,4.90%,0.007147828,4.90%,0,4.90%,0.007498072,4.90%,0,4.90%,0.007865477,4.90%,0,4.90%,0.008250886
10110,0,0,0,3.15%,0,3.15%,0,4.90%,0,4.90%,0,4.90%,0,4.90%,0,4.90%,0,4.90%,0,4.90%,0,4.90%,0,4.90%,0,4.90%,0,4.90%,0,4.90%,0,4.90%,0,4.90%,0
10111,0.000907077,0.331083105,0,3.15%,0,3.15%,0.341512223,4.90%,0,4.90%,0.358246322,4.90%,0,4.90%,0.375800391,4.90%,0,4.90%,0.394214611,4.90%,0,4.90%,0.413531127,4.90%,0,4.90%,0.433794152,4.90%,0,4.90%,0.455050065,4.90%,0,4.90%,0.477347518
10115,3.49E-05,0.012725689,0,3.15%,0,3.15%,0.013126548,4.90%,0,4.90%,0.013769749,4.90%,0,4.90%,0.014444466,4.90%,0,4.90%,0.015152245,4.90%,0,4.90%,0.015894705,4.90%,0,4.90%,0.016673546,4.90%,0,4.90%,0.017490549,4.90%,0,4.90%,0.018347586
10116,0,0,0,3.15%,0,3.15%,0,4.90%,0,4.90%,0,4.90%,0,4.90%,0,4.90%,0,4.90%,0,4.90%,0,4.90%,0,4.90%,0,4.90%,0,4.90%,0,4.90%,0,4.90%,0,4.90%,0
10119,0.00026205,0.09564825,0,3.15%,0,3.15%,0.09866117,4.90%,0,4.90%,0.103495567,4.90%,0,4.90%,0.10856685,4.90%,0,4.90%,0.113886626,4.90%,0,4.90%,0.11946707,4.90%,0,4.90%,0.125320957,4.90%,0,4.90%,0.131461684,4.90%,0,4.90%,0.137903306
10120,2.96E-05,0.01079816,0,3.15%,0,3.15%,0.011138302,4.90%,0,4.90%,0.011684079,4.90%,0,4.90%,0.012256599,4.90%,0,4.90%,0.012857172,4.90%,0,4.90%,0.013487173,4.90%,0,4.90%,0.014148045,4.90%,0,4.90%,0.014841299,4.90%,0,4.90%,0.015568523
10121,6.30E-05,0.023003979,0,3.15%,0,3.15%,0.023728604,4.90%,0,4.90%,0.024891306,4.90%,0,4.90%,0.02611098,4.90%,0,4.90%,0.027390418,4.90%,0,4.90%,0.028732548,4.90%,0,4.90%,0.030140443,4.90%,0,4.90%,0.031617325,4.90%,0,4.90%,0.033166574
10129,1.07E-05,0.003891776,0,3.15%,0,3.15%,0.004014367,4.90%,0,4.90%,0.004211071,4.90%,0,4.90%,0.004417413,4.90%,0,4.90%,0.004633867,4.90%,0,4.90%,0.004860926,4.90%,0,4.90%,0.005099112,4.90%,0,4.90%,0.005348968,4.90%,0,4.90%,0.005611067
10151,2.47E-05,0.00903167,0,3.15%,0,3.15%,0.009316167,4.90%,0,4.90%,0.009772659,4.90%,0,4.90%,0.01025152,4.90%,0,4.90%,0.010753844,4.90%,0,4.90%,0.011280782,4.90%,0,4.90%,0.011833541,4.90%,0,4.90%,0.012413384,4.90%,0,4.90%,0.01302164
10153,0.000129576,0.04729524,0,3.15%,0,3.15%,0.04878504,4.90%,0,4.90%,0.051175507,4.90%,0,4.90%,0.053683107,4.90%,0,4.90%,0.056313579,4.90%,0,4.90%,0.059072944,4.90%,0,4.90%,0.061967519,4.90%,0,4.90%,0.065003927,4.90%,0,4.90%,0.06818912
10154,0.000109519,0.039974435,0,3.15%,0,3.15%,0.04123363,4.90%,0,4.90%,0.043254078,4.90%,0,4.90%,0.045373527,4.90%,0,4.90%,0.04759683,4.90%,0,4.90%,0.049929075,4.90%,0,4.90%,0.0523756,4.90%,0,4.90%,0.054942004,4.90%,0,4.90%,0.057634162
10158,5.54E-05,0.020208371,0,3.15%,0,3.15%,0.020844935,4.90%,0,4.90%,0.021866336,4.90%,0,4.90%,0.022937787,4.90%,0,4.90%,0.024061739,4.90%,0,4.90%,0.025240764,4.90%,0,4.90%,0.026477561,4.90%,0,4.90%,0.027774962,4.90%,0,4.90%,0.029135935
10165,5.56E-05,0.020299366,0,3.15%,0,3.15%,0.020938796,4.90%,0,4.90%,0.021964796,4.90%,0,4.90%,0.023041072,4.90%,0,4.90%,0.024170084,4.90%,0,4.90%,0.025354418,4.90%,0,4.90%,0.026596785,4.90%,0,4.90%,0.027900027,4.90%,0,4.90%,0.029267128
10166,0.000203755,0.074370575,0,3.15%,0,3.15%,0.076713248,4.90%,0,4.90%,0.080472197,4.90%,0,4.90%,0.084415335,4.90%,0,4.90%,0.088551686,4.90%,0,4.90%,0.092890719,4.90%,0,4.90%,0.097442364,4.90%,0,4.90%,0.10221704,4.90%,0,4.90%,0.107225675
10167,0,0,0,3.15%,0,3.15%,0,4.90%,0,4.90%,0,4.90%,0,4.90%,0,4.90%,0,4.90%,0,4.90%,0,4.90%,0,4.90%,0,4.90%,0,4.90%,0,4.90%,0,4.90%,0,4.90%,0
10169,8.88E-05,0.032397656,0,3.15%,0,3.15%,0.033418182,4.90%,0,4.90%,0.035055673,4.90%,0,4.90%,0.036773401,4.90%,0,4.90%,0.038575297,4.90%,0,4.90%,0.040465487,4.90%,0,4.90%,0.042448296,4.90%,0,4.90%,0.044528262,4.90%,0,4.90%,0.046710147
10170,4.46E-05,0.016276263,0,3.15%,0,3.15%,0.016788965,4.90%,0,4.90%,0.017611624,4.90%,0,4.90%,0.018474594,4.90%,0,4.90%,0.019379849,4.90%,0,4.90%,0.020329461,4.90%,0,4.90%,0.021325605,4.90%,0,4.90%,0.02237056,4.90%,0,4.90%,0.023466717
10171,7.80E-05,0.028463905,0,3.15%,0,3.15%,0.029360517,4.90%,0,4.90%,0.030799183,4.90%,0,4.90%,0.032308343,4.90%,0,4.90%,0.033891452,4.90%,0,4.90%,0.035552133,4.90%,0,4.90%,0.037294187,4.90%,0,4.90%,0.039121602,4.90%,0,4.90%,0.041038561
10173,2.86E-05,0.010431335,0,3.15%,0,3.15%,0.010759922,4.90%,0,4.90%,0.011287158,4.90%,0,4.90%,0.011840229,4.90%,0,4.90%,0.0124204,4.90%,0,4.90%,0.013029,4.90%,0,4.90%,0.013667421,4.90%,0,4.90%,0.014337124,4.90%,0,4.90%,0.015039644
10174,0,0,0,3.15%,0,3.15%,0,4.90%,0,4.90%,0,4.90%,0,4.90%,0,4.90%,0,4.90%,0,4.90%,0,4.90%,0,4.90%,0,4.90%,0,4.90%,0,4.90%,0,4.90%,0,4.90%,0
10175,4.81E-05,0.017546134,0,3.15%,0,3.15%,0.018098837,4.90%,0,4.90%,0.01898568,4.90%,0,4.90%,0.019915979,4.90%,0,4.90%,0.020891862,4.90%,0,4.90%,0.021915563,4.90%,0,4.90%,0.022989425,4.90%,0,4.90%,0.024115907,4.90%,0,4.90%,0.025297587
10176,0,0,0,3.15%,0,3.15%,0,4.90%,0,4.90%,0,4.90%,0,4.90%,0,4.90%,0,4.90%,0,4.90%,0,4.90%,0,4.90%,0,4.90%,0,4.90%,0,4.90%,0,4.90%,0,4.90%,0
10177,6.73E-05,0.024549645,0,3.15%,0,3.15%,0.025322958,4.90%,0,4.90%,0.026563783,4.90%,0,4.90%,0.027865409,4.90%,0,4.90%,0.029230814,4.90%,0,4.90%,0.030663124,4.90%,0,4.90%,0.032165617,4.90%,0,4.90%,0.033741732,4.90%,0,4.90%,0.035395077
10271,7.54E-05,0.027523154,0,3.15%,0,3.15%,0.028390133,4.90%,0,4.90%,0.029781249,4.90%,0,4.90%,0.031240531,4.90%,0,4.90%,0.032771317,4.90%,0,4.90%,0.034377111,4.90%,0,4.90%,0.03606159,4.90%,0,4.90%,0.037828607,4.90%,0,4.90%,0.039682209
10273,1.02E-05,0.003739863,0,3.15%,0,3.15%,0.003857669,4.90%,0,4.90%,0.004046694,4.90%,0,4.90%,0.004244982,4.90%,0,4.90%,0.004452987,4.90%,0,4.90%,0.004671183,4.90%,0,4.90%,0.004900071,4.90%,0,4.90%,0.005140174,4.90%,0,4.90%,0.005392043
10279,0,0,42,3.15%,43,3.15%,0,4.90%,45,4.90%,0,4.90%,48,4.90%,0,4.90%,50,4.90%,0,4.90%,52,4.90%,0,4.90%,55,4.90%,0,4.90%,58,4.90%,0,4.90%,61,4.90%,0
10281,0.000305357,0.111455305,0,3.15%,0,3.15%,0.114966147,4.90%,0,4.90%,0.120599488,4.90%,0,4.90%,0.126508863,4.90%,0,4.90%,0.132707798,4.90%,0,4.90%,0.13921048,4.90%,0,4.90%,0.146031793,4.90%,0,4.90%,0.153187351,4.90%,0,4.90%,0.160693531
10285,8.12E-05,0.029643475,0,3.15%,0,3.15%,0.030577244,4.90%,0,4.90%,0.032075529,4.90%,0,4.90%,0.03364723,4.90%,0,4.90%,0.035295945,4.90%,0,4.90%,0.037025446,4.90%,0,4.90%,0.038839693,4.90%,0,4.90%,0.040742838,4.90%,0,4.90%,0.042739237
,1.78796,,,,,,673.1624711,,,,706.1474322,,,,740.7486563,,,,777.0453405,,,,815.1205622,,,,855.0614697,,,,896.9594818,,,,940.9104964
